{"_timestamp":1.7445568303695247e+09,"_runtime":3.3795713,"_step":0,"_wandb":{"runtime":3},"coefficients":[0,-0.7043351237224753,1.8703116914145985],"intercept":2.7770464845736846}